backend,control_dt,target_before,target_after,target_profile,target_change_times,IAE,mean_abs_error,final_error,after_change_IAE,after_change_max_error,disturbance_IAE,disturbance_max_error,disturbance_min_current,settling_time_after_change,mean_pwm,total_pwm,max_pwm,saturation_ratio_percent,saturation_duration,near_high_saturation_ratio_percent,server_gain_applied_count,schedule_gain_applied_count,schedule_apply_mode,schedule_chunk_accepted_count,schedule_fallback_count,server_gain_discarded_count,duplicate_gain_discard_count,unsafe_gain_discard_count,local_gain_reduction_count,local_gain_recovery_count,min_kp_scale,min_ki_scale,latency_source_to_accept_sec_mean,latency_source_to_accept_sec_p50,latency_source_to_accept_sec_p90,latency_source_to_accept_sec_max,latency_source_to_apply_sec_mean,latency_source_to_apply_sec_p50,latency_source_to_apply_sec_p90,latency_source_to_apply_sec_max,latency_generated_to_accept_sec_mean,latency_generated_to_accept_sec_p50,latency_generated_to_accept_sec_p90,latency_generated_to_accept_sec_max,latency_generator_duration_sec_mean,latency_generator_duration_sec_p50,latency_generator_duration_sec_p90,latency_generator_duration_sec_max,latency_timing_slack_sec_mean,latency_timing_slack_sec_p50,latency_timing_slack_sec_p90,latency_timing_slack_sec_max,target_70_IAE,target_70_mean_abs_error,target_70_max_error,target_73_IAE,target_73_mean_abs_error,target_73_max_error,target_90_IAE,target_90_mean_abs_error,target_90_max_error,target_95_IAE,target_95_mean_abs_error,target_95_max_error,method,file
esp32,0.1,70.0,73.0,70->95->90->73,"5,10,15",54.006600000000034,3.05033,0.1539999999999963,21.299000000000024,25.029,,,,10.9,85.17795943727124,1698.5591887454248,100.41258,0.0,0.0,0.0,1,138,delay_aware,14,62,0,0,0,0,0,1.0,1.0,0.7187236340149589,0.6255602836608887,0.7312338352203369,1.2590727806091309,1.2388916637586511,1.2576212882995603,1.6833957433700562,2.424000024795532,0.0510163911874743,0.0269360542297363,0.1080129146575927,0.1085345745086669,0.6101643900940383,0.6135046482086182,0.6313047409057617,0.6369690895080566,-0.6811594202898553,-0.6999999999999993,-0.2000000000000008,-0.0999999999999978,32.7076,7.941520000000001,70.0,5.793400000000012,1.1586800000000002,17.183000000000007,2.6548000000000087,0.5309600000000012,4.936000000000007,12.8508,2.57016,25.029,Full_Diffusion_DDIM20_5run,results\kafka_control\local_kafka_controller_metrics_esp32_delay_aware_full_diffusion_ddim20_pure_5run_dyn_70_95_90_73_r1_20260511_135051.csv
esp32,0.1,70.0,73.0,70->95->90->73,"5,10,15",54.553100000000015,3.077655,0.1280000000000001,22.05900000000001,24.878,,,,10.9,84.25922606208489,1680.184521241698,109.40924254324496,0.0,0.0,0.0,0,161,delay_aware,16,39,0,0,0,0,0,1.0,1.0,0.623772508609369,0.6238322257995605,0.6248307228088379,0.6268711090087891,1.1217176588425726,1.1518714427947998,1.578491449356079,1.687554121017456,0.0419345820172232,0.0403873920440673,0.0565094947814941,0.0650098323822021,0.5799050923460018,0.5813417434692383,0.5938286781311035,0.5999007225036621,-0.5695652173913045,-0.5999999999999979,-0.1999999999999993,-0.0999999999999978,32.4941,7.898820000000001,70.0,6.61700000000001,1.3233999999999997,17.465999999999994,2.550900000000002,0.51018,5.186999999999998,12.891100000000003,2.57822,24.878,Full_Diffusion_DDIM20_5run,results\kafka_control\local_kafka_controller_metrics_esp32_delay_aware_full_diffusion_ddim20_pure_5run_dyn_70_95_90_73_r2_20260511_135126.csv
esp32,0.1,70.0,73.0,70->95->90->73,"5,10,15",53.36370000000001,3.018185,0.1029999999999944,21.31980000000001,25.123999999999995,,,,10.9,84.01608527199609,1675.321705439922,103.92363333394356,0.0,0.0,0.0,0,161,delay_aware,16,39,0,0,0,0,0,1.0,1.0,0.6235914052643391,0.62355637550354,0.6257364749908447,0.6266236305236816,1.1238802812114266,1.150803804397583,1.5783236026763916,1.687577247619629,0.0429030871539382,0.043506383895874,0.0593960285186767,0.0630133152008056,0.5787013850597121,0.5786135196685791,0.5987160205841064,0.6117911338806152,-0.5720496894409939,-0.5999999999999979,-0.1999999999999993,-0.0999999999999978,32.0439,7.80878,70.0,5.977700000000012,1.1955399999999998,17.373999999999995,2.4470000000000027,0.4893999999999996,4.924000000000007,12.8951,2.5790199999999994,25.123999999999995,Full_Diffusion_DDIM20_5run,results\kafka_control\local_kafka_controller_metrics_esp32_delay_aware_full_diffusion_ddim20_pure_5run_dyn_70_95_90_73_r3_20260511_135202.csv
esp32,0.1,70.0,73.0,70->95->90->73,"5,10,15",54.21110000000002,3.0605549999999995,0.1170000000000044,22.249600000000022,25.242999999999995,,,,10.9,83.91260688373426,1673.2521376746854,107.31824420431202,0.0,0.0,0.0,0,161,delay_aware,16,39,1,1,0,0,0,1.0,1.0,0.6432396240115906,0.6243057250976562,0.7289912700653076,0.7299621105194092,1.1454654539593998,1.1523797512054443,1.580101490020752,1.790203332901001,0.0306696018076831,0.0190024375915527,0.1000294685363769,0.1062080860137939,0.610463361562409,0.6135010719299316,0.6269612312316895,0.6519491672515869,-0.5925465838509318,-0.5999999999999996,-0.1999999999999993,-0.0999999999999978,31.9615,7.792299999999999,70.0,6.247100000000015,1.2494199999999998,17.046000000000006,2.510200000000007,0.5020400000000004,5.233000000000004,13.492300000000004,2.69846,25.242999999999995,Full_Diffusion_DDIM20_5run,results\kafka_control\local_kafka_controller_metrics_esp32_delay_aware_full_diffusion_ddim20_pure_5run_dyn_70_95_90_73_r4_20260511_135238.csv
esp32,0.1,70.0,73.0,70->95->90->73,"5,10,15",52.50400000000002,2.9752000000000005,0.0400000000000062,20.522800000000014,24.764,,,,10.9,84.3782028539466,1682.564057078932,108.86524762158278,0.0,0.0,0.0,0,161,delay_aware,16,39,0,0,0,0,0,1.0,1.0,0.6235739562822424,0.6235988140106201,0.6250510215759277,0.6251468658447266,1.124440462692924,1.1488451957702637,1.579890251159668,1.6877198219299316,0.040064577730546,0.043978214263916,0.0575067996978759,0.0625076293945312,0.5815762762697587,0.5776634216308594,0.6017396450042725,0.6141910552978516,-0.5720496894409939,-0.5999999999999979,-0.1999999999999993,-0.0999999999999978,31.9812,7.796239999999999,70.0,5.655700000000013,1.1311400000000007,17.049999999999997,2.691600000000001,0.5383199999999997,4.710999999999999,12.1755,2.4351000000000003,24.764,Full_Diffusion_DDIM20_5run,results\kafka_control\local_kafka_controller_metrics_esp32_delay_aware_full_diffusion_ddim20_pure_5run_dyn_70_95_90_73_r5_20260511_135314.csv
esp32,0.1,70.0,73.0,70->95->90->73,"5,10,15",55.49560000000003,3.124780000000001,0.171999999999997,22.39810000000002,25.163,,,,10.9,85.76948667310134,1710.3897334620272,101.5895,0.0,0.0,0.0,2,123,delay_aware,11,77,0,0,0,0,0,1.0,1.0,1.0246888273130588,0.9418680667877196,1.047752857208252,1.9929726123809812,1.6525396273388129,1.6799209117889404,2.2154248714447022,2.523455142974853,0.0507856210072835,0.0372781753540039,0.0973846435546874,0.0991337299346923,0.9121542791040932,0.9075467586517334,0.942429542541504,0.9506378173828124,-1.072357723577236,-1.0999999999999996,-0.5,-0.3999999999999986,33.097500000000004,8.019499999999999,70.0,6.360700000000016,1.2721399999999996,16.955,2.885300000000007,0.5770600000000008,5.016000000000005,13.1521,2.6304200000000004,25.163,Full_Diffusion_DDIM30_5run,results\kafka_control\local_kafka_controller_metrics_esp32_delay_aware_full_diffusion_ddim30_pure_dyn_70_95_90_73_r1_20260511_132239.csv
esp32,0.1,70.0,73.0,70->95->90->73,"5,10,15",55.25310000000001,3.112655,0.2120000000000033,22.21240000000001,24.65300000000001,,,,10.9,85.32698632394931,1701.5397264789867,104.22148723138332,0.0,0.0,0.0,0,151,delay_aware,13,49,1,1,0,0,0,1.0,1.0,0.9408166755903636,0.940544605255127,0.9430201053619384,0.9444468021392822,1.555474451835582,1.5753414630889893,2.106569528579712,2.3171262741088867,0.0672124363728706,0.0760116577148437,0.0840091705322265,0.0916669368743896,0.8713772975845843,0.8654329776763916,0.8949298858642578,0.9090030193328856,-0.9801324503311258,-1.0,-0.5,-0.3999999999999986,33.040699999999994,8.00814,70.0,6.139500000000007,1.227899999999999,17.125,2.8050000000000037,0.5609999999999999,5.126000000000005,13.2679,2.65358,24.65300000000001,Full_Diffusion_DDIM30_5run,results\kafka_control\local_kafka_controller_metrics_esp32_delay_aware_full_diffusion_ddim30_pure_dyn_70_95_90_73_r2_20260511_132315.csv
esp32,0.1,70.0,73.0,70->95->90->73,"5,10,15",54.56470000000002,3.0782350000000003,0.2159999999999939,22.206800000000023,25.033,,,,10.9,84.64587326236071,1687.9174652472143,103.44755686726634,0.0,0.0,0.0,0,151,delay_aware,13,49,1,1,0,0,0,1.0,1.0,0.941447581676458,0.9413740634918212,0.944570541381836,0.9451615810394288,1.555574145538128,1.574171543121338,2.1079325675964355,2.320148229598999,0.0707741004741744,0.0760102272033691,0.0896525382995605,0.0938153266906738,0.8687584258073213,0.8643605709075928,0.8966588973999023,0.9041602611541748,-0.9801324503311258,-1.0,-0.5,-0.3999999999999986,32.3579,7.871579999999999,70.0,5.995700000000012,1.19914,17.177999999999997,2.462000000000005,0.4924000000000004,4.933000000000007,13.749100000000007,2.749820000000001,25.033,Full_Diffusion_DDIM30_5run,results\kafka_control\local_kafka_controller_metrics_esp32_delay_aware_full_diffusion_ddim30_pure_dyn_70_95_90_73_r3_20260511_132351.csv
esp32,0.1,70.0,73.0,70->95->90->73,"5,10,15",55.05420000000002,3.10271,0.2249999999999943,22.65930000000002,25.381,,,,11.0,84.32153256537379,1681.430651307476,105.8322487275511,0.0,0.0,0.0,0,163,delay_aware,13,37,0,0,0,0,0,1.0,1.0,0.9342167860159843,0.9429314136505128,1.0469398498535156,1.0495259761810305,1.554484525341198,1.576908826828003,2.109668827056885,2.4261224269866943,0.0539885035321756,0.0415072441101074,0.0992481708526611,0.2040448188781738,0.8781722191652638,0.8844661712646484,0.948078155517578,0.9652998447418212,-0.9766871165644172,-1.0,-0.5,-0.2999999999999989,32.39490000000001,7.878979999999999,70.0,6.650600000000011,1.3301199999999995,16.873999999999995,2.4692000000000083,0.493840000000001,5.674999999999997,13.5395,2.7078999999999995,25.381,Full_Diffusion_DDIM30_5run,results\kafka_control\local_kafka_controller_metrics_esp32_delay_aware_full_diffusion_ddim30_pure_dyn_70_95_90_73_r4_20260511_132427.csv
esp32,0.1,70.0,73.0,70->95->90->73,"5,10,15",55.14970000000002,3.107485,0.1500000000000056,22.98270000000002,25.105000000000004,,,,10.9,84.36290815567487,1682.2581631134974,102.20208931231144,0.0,0.0,0.0,0,155,delay_aware,13,45,0,0,0,0,0,1.0,1.0,1.0751356155641618,1.048065423965454,1.3654663562774658,1.5793216228485107,1.6852506114590553,1.6846888065338137,2.3202155113220213,2.5394821166992188,0.0444393296395578,0.0425062179565429,0.0850148200988769,0.1030242443084716,0.9419425948973624,0.928786277770996,0.9793024063110352,1.0052597522735596,-1.1,-1.0999999999999996,-0.5999999999999985,-0.3999999999999986,32.167,7.8334,70.0,6.512000000000013,1.302399999999999,17.510999999999996,2.9190000000000045,0.5838000000000002,5.5190000000000055,13.551700000000006,2.710340000000001,25.105000000000004,Full_Diffusion_DDIM30_5run,results\kafka_control\local_kafka_controller_metrics_esp32_delay_aware_full_diffusion_ddim30_pure_dyn_70_95_90_73_r5_20260511_132502.csv
esp32,0.1,70.0,73.0,70->95->90->73,"5,10,15",54.91890000000002,3.0959450000000004,0.2639999999999958,22.40130000000002,25.200000000000003,,,,10.9,84.5769224795045,1686.53844959009,100.91354,0.0,0.0,0.0,3,66,delay_aware,9,134,1,1,0,0,0,1.0,1.0,1.374168128678293,1.365487813949585,1.3670787811279297,2.5306499004364014,1.93299828153668,1.9497350454330444,2.426392078399658,2.5337398052215576,0.0363734924432003,0.032505989074707,0.0807888507843017,0.0807888507843017,1.260250033754291,1.283517599105835,1.3325717449188232,1.3325717449188232,-1.3348484848484847,-1.3499999999999996,-0.8000000000000007,-0.5999999999999979,32.517599999999995,7.903520000000002,70.0,6.467000000000009,1.2933999999999994,16.573999999999998,2.8225000000000064,0.5645000000000008,4.519999999999996,13.111800000000002,2.6223600000000005,25.200000000000003,Full_Diffusion_DDIM40_5run,results\kafka_control\local_kafka_controller_metrics_esp32_delay_aware_full_diffusion_ddim40_pure_dyn_70_95_90_73_r1_20260511_132553.csv
esp32,0.1,70.0,73.0,70->95->90->73,"5,10,15",55.211900000000014,3.110595,0.1599999999999966,22.941900000000025,24.980999999999995,,,,10.9,84.3905411287117,1682.8108225742344,103.13927717189074,0.0,0.0,0.0,1,119,delay_aware,11,81,0,0,0,0,0,1.0,1.0,1.28820765920046,1.2582831382751465,1.5772230625152588,2.3204588890075684,1.8740631031389,1.8949544429779053,2.4251747131347656,2.534955739974976,0.0333088987013872,0.0155079364776611,0.0810127258300781,0.0913851261138916,1.1958874173525,1.203168869018555,1.2458455562591553,1.2470736503601074,-1.2798319327731094,-1.299999999999999,-0.7999999999999989,-0.5999999999999996,32.27,7.853999999999998,70.0,6.491000000000011,1.2982,17.131,2.8902000000000085,0.5780400000000009,5.2309999999999945,13.560700000000004,2.7121400000000007,24.980999999999995,Full_Diffusion_DDIM40_5run,results\kafka_control\local_kafka_controller_metrics_esp32_delay_aware_full_diffusion_ddim40_pure_dyn_70_95_90_73_r2_20260511_132629.csv
esp32,0.1,70.0,73.0,70->95->90->73,"5,10,15",54.80010000000002,3.090005000000001,0.1230000000000046,22.681400000000025,24.899,,,,11.0,84.46527057160354,1684.3054114320712,103.92466753396154,0.0,0.0,0.0,1,118,delay_aware,11,82,1,1,0,0,0,1.0,1.0,1.2821783433526248,1.2574665546417236,1.4674735069274902,2.2062339782714844,1.864335411686008,1.890690565109253,2.425130820274353,2.531386137008667,0.0393388533996323,0.0261855125427246,0.0870087146759033,0.102550983428955,1.1757452205076055,1.1656246185302734,1.2424664497375488,1.2424664497375488,-1.2720338983050847,-1.299999999999999,-0.7699999999999986,-0.5999999999999996,32.1187,7.82374,70.0,6.714700000000014,1.3429400000000005,17.009,2.653400000000007,0.5306800000000004,5.278000000000006,13.313300000000003,2.6626600000000007,24.899,Full_Diffusion_DDIM40_5run,results\kafka_control\local_kafka_controller_metrics_esp32_delay_aware_full_diffusion_ddim40_pure_dyn_70_95_90_73_r3_20260511_132705.csv
esp32,0.1,70.0,73.0,70->95->90->73,"5,10,15",57.795400000000015,3.23977,0.316999999999993,25.500600000000013,24.806,,,,11.8,84.50995489066601,1685.1990978133203,102.58215490036903,0.0,0.0,0.0,1,118,delay_aware,11,82,0,0,0,0,0,1.0,1.0,1.3055224923764246,1.258986234664917,1.387194228172301,2.317102670669556,1.8740566403178844,1.893613338470459,2.4235942363739014,2.53315544128418,0.0691917872024794,0.0915889739990234,0.1055183410644531,0.1055183410644531,1.1705937587608726,1.1616623401641846,1.208163499832153,1.2243494987487793,-1.2805084745762714,-1.2999999999999994,-0.7999999999999996,-0.6000000000000014,32.2948,7.85896,70.0,8.384100000000005,1.676819999999999,17.378,3.7343000000000055,0.7468600000000006,4.918000000000006,13.382199999999996,2.6764399999999995,24.806,Full_Diffusion_DDIM40_5run,results\kafka_control\local_kafka_controller_metrics_esp32_delay_aware_full_diffusion_ddim40_pure_dyn_70_95_90_73_r4_20260511_132741.csv
esp32,0.1,70.0,73.0,70->95->90->73,"5,10,15",55.379000000000026,3.1189500000000003,0.1680000000000063,23.386600000000016,24.849000000000004,,,,11.0,84.1232777489457,1677.4655549789138,101.41695143866542,0.0,0.0,0.0,1,129,delay_aware,11,71,0,0,0,0,0,1.0,1.0,1.2267979669940563,1.1522650718688965,1.4684865474700928,2.100522994995117,1.834470876427584,1.789684772491455,2.422108268737793,2.5315191745758057,0.0343496577684269,0.0259974002838134,0.0923857688903808,0.1033411026000976,1.1390953507534294,1.1391499042510986,1.162926435470581,1.172353982925415,-1.2441860465116283,-1.200000000000001,-0.7000000000000008,-0.5999999999999979,31.992400000000007,7.79848,70.0,6.772900000000016,1.3545800000000006,16.911,2.7574000000000045,0.5514800000000002,4.986999999999995,13.8563,2.77126,24.849000000000004,Full_Diffusion_DDIM40_5run,results\kafka_control\local_kafka_controller_metrics_esp32_delay_aware_full_diffusion_ddim40_pure_dyn_70_95_90_73_r5_20260511_132816.csv
esp32,0.1,70.0,73.0,70->95->90->73,"5,10,15",54.93430000000002,3.096715,0.2489999999999952,23.01970000000001,25.15300000000001,,,,10.9,84.00944169639185,1675.188833927837,100.34096000000002,0.0,0.0,0.0,1,64,delay_aware,8,136,1,1,0,0,0,1.0,1.0,1.4992589056491852,1.4697670936584473,1.681483030319214,1.681483030319214,2.0139142498373985,2.0008989572525024,2.425356721878052,2.5308291912078857,0.0510569065809249,0.0390172004699707,0.0837042331695556,0.0837042331695556,1.4227099791169169,1.4287497997283936,1.43678617477417,1.43678617477417,-1.4140625000000004,-1.4000000000000012,-1.0,-0.9000000000000004,31.9146,7.782920000000001,70.0,7.374400000000013,1.4748799999999995,17.090999999999994,2.8977000000000026,0.5795399999999998,5.361000000000004,12.747600000000002,2.54952,25.15300000000001,Full_Diffusion_DDIM50_5run,results\kafka_control\local_kafka_controller_metrics_esp32_delay_aware_full_diffusion_ddim50_pure_dyn_70_95_90_73_r1_20260511_132907.csv
esp32,0.1,70.0,73.0,70->95->90->73,"5,10,15",54.90130000000003,3.095065,0.0210000000000007,22.74670000000002,25.126000000000005,,,,11.1,84.33765984883547,1681.7531969767092,100.02232,0.0,0.0,0.0,0,93,delay_aware,9,107,1,1,0,0,0,1.0,1.0,1.531761864180206,1.472527265548706,1.577566385269165,1.7886624336242676,2.030609523096392,2.000682830810547,2.426379489898681,2.53410267829895,0.0586252366342852,0.0690102577209472,0.0941988468170165,0.0985918045043945,1.4239729963323122,1.413367748260498,1.474599027633667,1.476973533630371,-1.4290322580645165,-1.4000000000000004,-1.0,-0.8999999999999986,32.1546,7.830919999999997,70.0,7.605000000000011,1.5210000000000006,16.733999999999995,2.7027000000000028,0.54054,5.027000000000001,12.439000000000007,2.4878000000000013,25.126000000000005,Full_Diffusion_DDIM50_5run,results\kafka_control\local_kafka_controller_metrics_esp32_delay_aware_full_diffusion_ddim50_pure_dyn_70_95_90_73_r2_20260511_132943.csv
esp32,0.1,70.0,73.0,70->95->90->73,"5,10,15",55.44960000000002,3.1224799999999995,0.2870000000000061,23.57720000000002,25.295,,,,11.0,83.68440046903527,1668.6880093807058,99.8032,0.0,0.0,0.0,0,96,delay_aware,9,104,1,1,0,0,0,1.0,1.0,1.5002415080865223,1.4693660736083984,1.5799329280853271,1.678138017654419,2.01472332328558,1.999919414520264,2.427206873893738,2.535841226577759,0.041176863014698,0.0270030498504638,0.0790576934814453,0.0790576934814453,1.4193054015437765,1.4241313934326172,1.4449822902679443,1.4863457679748535,-1.4145833333333335,-1.4000000000000004,-1.0,-0.8999999999999986,31.872399999999995,7.774479999999999,70.0,7.403800000000013,1.48076,17.242999999999995,2.646800000000003,0.52936,4.763999999999996,13.526600000000002,2.7053200000000004,25.295,Full_Diffusion_DDIM50_5run,results\kafka_control\local_kafka_controller_metrics_esp32_delay_aware_full_diffusion_ddim50_pure_dyn_70_95_90_73_r3_20260511_133019.csv
esp32,0.1,70.0,73.0,70->95->90->73,"5,10,15",54.34360000000001,3.06718,0.0819999999999936,22.486500000000014,25.15300000000001,,,,10.9,83.90663259307603,1673.1326518615208,99.5137,0.0,0.0,0.0,2,59,delay_aware,8,141,1,1,0,0,0,1.0,1.0,1.6799443859164995,1.6839663982391355,1.6865170001983645,2.3177530765533447,2.105987763000747,2.109680652618408,2.528939056396484,2.5348799228668213,0.0530004743802345,0.0706293582916259,0.0910184383392334,0.0910184383392334,1.5921630253226071,1.5963952541351318,1.6175901889801023,1.6175901889801023,-1.4983050847457628,-1.5,-1.100000000000001,-1.0,31.8571,7.771420000000001,70.0,6.91470000000001,1.3829399999999996,17.070999999999998,2.636000000000004,0.5272000000000002,5.027000000000001,12.9358,2.5871599999999995,25.15300000000001,Full_Diffusion_DDIM50_5run,results\kafka_control\local_kafka_controller_metrics_esp32_delay_aware_full_diffusion_ddim50_pure_dyn_70_95_90_73_r4_20260511_133054.csv
esp32,0.1,70.0,73.0,70->95->90->73,"5,10,15",55.33930000000002,3.1169649999999995,0.1680000000000063,23.62740000000002,25.014,,,,11.1,83.62848234304178,1667.5696468608355,99.72772,0.0,0.0,0.0,2,60,delay_aware,8,140,1,1,0,0,0,1.0,1.0,1.6839093406995138,1.6825556755065918,1.683436155319214,2.2144339084625244,2.1076492071151733,2.1080801486968994,2.528881072998047,2.535310983657837,0.0502861022949218,0.0555148124694824,0.0865297317504882,0.0865297317504882,1.5936543981234232,1.5931923389434814,1.6290669441223145,1.6290669441223145,-1.5,-1.5,-1.1000000000000003,-1.0,31.711900000000004,7.74238,70.0,7.732600000000013,1.54652,17.034000000000006,3.224700000000004,0.64494,4.923000000000002,12.6701,2.53402,25.014,Full_Diffusion_DDIM50_5run,results\kafka_control\local_kafka_controller_metrics_esp32_delay_aware_full_diffusion_ddim50_pure_dyn_70_95_90_73_r5_20260511_133130.csv
esp32,0.1,70.0,73.0,70->95->90->73,"5,10,15",58.20920000000002,3.2604599999999992,0.019999999999996,25.524000000000022,24.944999999999997,,,,11.1,85.32776297055422,1701.5552594110843,100.39844,0.0,0.0,0.0,1,131,delay_aware,11,69,0,0,0,0,0,1.0,1.0,1.0944784178988625,0.942253351211548,1.1516098976135254,1.996995449066162,1.7510658693677597,1.6842255592346191,2.319870948791504,3.267735242843628,0.0582406011246542,0.0400495529174804,0.0950145721435546,0.1933138370513916,0.9253996838140124,0.9232561588287354,0.9700121879577636,0.9700121879577636,-1.164885496183206,-1.1000000000000014,-0.5999999999999979,-0.3999999999999986,32.6852,7.93704,70.0,8.656700000000015,1.73134,17.013000000000005,3.497900000000005,0.69958,5.219999999999999,13.3694,2.6738800000000005,24.944999999999997,Horizon30_Full_DDIM30_5run,results\kafka_control\local_kafka_controller_metrics_esp32_delay_aware_horizon30_full_diffusion_ddim30_pure_dyn_70_95_90_73_r1_20260511_134447.csv
esp32,0.1,70.0,73.0,70->95->90->73,"5,10,15",60.06350000000002,3.353175,0.0550000000000068,27.57570000000001,24.773,,,,11.3,85.04790196166383,1695.9580392332766,99.68108430392742,0.0,0.0,0.0,0,163,delay_aware,13,37,0,0,0,0,0,1.0,1.0,0.9499041507580528,0.941136360168457,0.94460129737854,1.0483202934265137,1.5838180027125073,1.5762875080108645,2.2101178646087645,2.322239875793457,0.039478979227733,0.0445137023925781,0.0580029487609863,0.0833470821380615,0.8948654367879856,0.8964037895202637,0.919039249420166,0.9210798740386964,-1.006748466257669,-1.0,-0.5,-0.3999999999999986,32.4878,7.897559999999999,70.0,9.101700000000008,1.82034,17.090000000000003,3.0781000000000027,0.6156200000000002,5.239999999999995,15.395900000000005,3.07918,24.773,Horizon30_Full_DDIM30_5run,results\kafka_control\local_kafka_controller_metrics_esp32_delay_aware_horizon30_full_diffusion_ddim30_pure_dyn_70_95_90_73_r2_20260511_134522.csv
esp32,0.1,70.0,73.0,70->95->90->73,"5,10,15",59.24600000000002,3.3123,0.0969999999999942,26.78530000000002,24.753,,,,10.9,84.74267933130632,1689.8535866261268,108.56139010814672,0.0,0.0,0.0,0,162,delay_aware,13,38,0,0,0,0,0,1.0,1.0,0.9498556396107616,0.941685676574707,0.9429121017456056,1.048548698425293,1.579615753373982,1.5754550695419312,2.209387922286987,2.3213109970092773,0.0536666048897637,0.0450611114501953,0.0885102748870849,0.1559891700744629,0.8838863240347968,0.8891324996948242,0.9105288982391356,0.9295244216918944,-1.002469135802469,-1.0,-0.5,-0.3999999999999986,32.4607,7.89214,70.0,8.122400000000011,1.6244800000000006,17.138999999999996,3.141000000000003,0.6282,5.052000000000007,15.521900000000004,3.104380000000001,24.753,Horizon30_Full_DDIM30_5run,results\kafka_control\local_kafka_controller_metrics_esp32_delay_aware_horizon30_full_diffusion_ddim30_pure_dyn_70_95_90_73_r3_20260511_134558.csv
esp32,0.1,70.0,73.0,70->95->90->73,"5,10,15",58.939700000000016,3.2969850000000003,0.1470000000000055,26.873400000000014,24.995999999999995,,,,11.400000000000002,84.02277884838583,1675.4555769677168,100.27153090171102,0.0,0.0,0.0,0,151,delay_aware,12,49,1,1,0,0,0,1.0,1.0,0.9654466616396872,0.9423720836639404,1.0470120906829834,1.047534465789795,1.6000900631708814,1.576649188995361,2.2116262912750244,2.4280691146850586,0.0548020956532055,0.0384562015533447,0.099625825881958,0.1630856990814209,0.9086432362234356,0.9113724231719972,0.9443473815917968,0.9459059238433838,-1.0211920529801328,-1.0,-0.5,-0.3999999999999986,32.0663,7.813259999999999,70.0,9.006800000000016,1.8013600000000007,17.245000000000005,3.2623000000000006,0.6524599999999995,5.257000000000005,14.6043,2.92086,24.995999999999995,Horizon30_Full_DDIM30_5run,results\kafka_control\local_kafka_controller_metrics_esp32_delay_aware_horizon30_full_diffusion_ddim30_pure_dyn_70_95_90_73_r4_20260511_134634.csv
esp32,0.1,70.0,73.0,70->95->90->73,"5,10,15",58.56890000000001,3.2784450000000005,0.0879999999999938,26.554600000000008,24.892,,,,11.6,84.35905222235772,1682.1810444471544,99.96844000000002,0.0,0.0,0.0,0,149,delay_aware,12,51,1,1,0,0,0,1.0,1.0,0.9607678883827772,0.9427905082702636,1.0467135906219482,1.0473158359527588,1.590027473116881,1.577319860458374,2.211870241165161,2.422172784805298,0.0581160951780792,0.0586621761322021,0.0921854972839355,0.1550874710083007,0.8856798306407544,0.8761885166168213,0.9305975437164308,0.9340653419494628,-1.0120805369127517,-1.0,-0.5,-0.3999999999999986,32.014300000000006,7.802860000000001,70.0,9.037600000000012,1.807520000000001,16.733999999999995,3.3924000000000025,0.6784799999999999,4.778000000000006,14.1246,2.82492,24.892,Horizon30_Full_DDIM30_5run,results\kafka_control\local_kafka_controller_metrics_esp32_delay_aware_horizon30_full_diffusion_ddim30_pure_dyn_70_95_90_73_r5_20260511_134710.csv
